model,series_type,n_rows,n_assets,n_paths,mean_mean,mean_abs,std_mean,std_min,std_max,skew_mean,excess_kurtosis_mean,q05_mean,q50_mean,q95_mean,lag1_autocorrelation_mean,cross_asset_correlation_mean
__dataset__,train_returns,240,6,1,0.0001769591300883864,0.000532047261180026,0.014125549301184225,0.009500766779054941,0.01857484798746994,0.3752103203812876,1.6327105664390544,-0.022011681262319362,-0.00010887754767761425,0.02218514995429688,0.029799932718977174,0.6527375316801869
__dataset__,realized_futures,30,6,6,0.004297550708818465,0.004297550708818465,0.01625694035637392,0.010576789360429524,0.02349120957959022,0.2828543009789599,-0.31192842725756137,-0.017533920408064386,0.0026641169878779615,0.030086822170654694,0.16602392549052133,0.7256937062711212
__dataset__,reference_scenarios,1920,6,384,0.00024859994872332636,0.0002561311258832576,0.015938127269470425,0.010552899998603489,0.023071739882993852,0.17223321332423835,1.4722775333867306,-0.025590078738838618,0.00020469307142332842,0.026195056360230336,-0.013843181702023408,0.7307499439568773
historical_bootstrap,generated_scenarios,960,6,192,-0.0005087662072652519,0.0006644571001774895,0.013749849835706594,0.009304010909941344,0.018245534284604112,0.22622289874897808,1.2823700491123786,-0.02301227298254768,-0.0008149710089734677,0.021727462710502243,0.007304690956467931,0.6437151375414886
historical_sv_bootstrap,generated_scenarios,960,6,192,-0.00023066357084139277,0.0005482088671265551,0.017543248289224513,0.011721494827780812,0.025365476787411814,0.5460060519402362,2.9464681114091764,-0.028027135444184142,-0.000991071685954618,0.028432954909900807,0.018373162387221455,0.6601663489395807
pytorchts_timegrad,generated_scenarios,960,6,192,-0.0002778729144356223,0.0007446767332723426,0.010830582225288191,0.007148011751131048,0.015458836637876677,0.08686851177934306,0.8868357966319419,-0.01756425919011235,-0.00041773181267975207,0.018039047027317175,0.011506516000827971,0.1870173008427637
