model,series_type,n_rows,n_assets,n_paths,mean_mean,mean_abs,std_mean,std_min,std_max,skew_mean,excess_kurtosis_mean,q05_mean,q50_mean,q95_mean,lag1_autocorrelation_mean,cross_asset_correlation_mean
__dataset__,train_returns,120,6,1,0.0025145009520837,0.0025145009520837,0.011952524520867041,0.011498256938474517,0.012374007561043286,0.12776673965647453,0.12484541103749887,-0.016684346065147657,0.0023613778151669873,0.021202771779854745,-0.017115911736597166,0.6597167753696896
__dataset__,realized_futures,12,6,6,-0.0032984275780346024,0.0032984275780346024,0.01279166619835432,0.010301296862770828,0.01406792248784382,0.6115405092759741,0.20589791023073892,-0.018687840830987058,-0.005199154366173505,0.01599173058892048,0.30790484336225515,0.7770811193818126
__dataset__,reference_scenarios,192,6,96,0.0003046057020132186,0.00033566304527166786,0.011293622644677391,0.010608730162565316,0.012074185378605926,0.01893563636337198,-0.1364055690728183,-0.018491859736314193,0.0003691107726968422,0.018201682097898814,0.07011243767275406,0.6300351810467641
historical_bootstrap,generated_scenarios,96,6,48,0.0028617019428843885,0.0028617019428843885,0.01173341070324581,0.011064572981170858,0.012458829632874154,0.2668246378821454,0.2665943414579981,-0.015106144555223485,0.0025915729153590896,0.02179398077229659,0.0739519789209623,0.6702593619724373
pytorchts_timegrad,generated_scenarios,96,6,48,0.00010922688579108179,0.0008853405534144562,0.009988518932079927,0.006861353083220026,0.012055960834739457,-0.2893902097764676,0.9430041413414362,-0.016473929164931178,0.0007757441671856213,0.01505871796204398,0.13600152719769354,0.2307139073841728
historical_sv_bootstrap,generated_scenarios,96,6,48,0.0040358286646046005,0.0040358286646046005,0.01206073674409078,0.009944174350720222,0.013826519520416303,0.3855985750773258,0.34992761696838,-0.013627669036698839,0.002937787687793995,0.02445218525826931,-0.2972815746016338,0.6426738917248268
