model,dataset_name,dataset_source,device,has_reference_scenarios,train_size,test_size,context_length,horizon,generation_mode,eval_stride,train_stride,n_model_scenarios,n_reference_scenarios,crps,energy_score,predictive_mean_mse,coverage_90_error,mean_error,volatility_error,skew_error,excess_kurtosis_error,cross_correlation_error,autocorrelation_error,squared_autocorrelation_error,var_95_error,es_95_error,max_drawdown_error,mmd_rbf,average_rank
historical_bootstrap,synthetic_basic_6_series,synthetic,cuda:0,True,120,24,8,2,forecast,4,1,8,16,0.009205243733466702,0.036610045103325654,0.0002231377710165209,0.3305555555555556,0.00255709624087117,0.0005014338891622576,0.37793618290717323,0.8048497611206425,0.061465148281505205,0.04306553041079929,0.036604314823135545,0.003385715181090706,0.002815176064911795,0.000929341136883306,0.017297390632301846,1.6666666666666667
pytorchts_timegrad,synthetic_basic_6_series,synthetic,cuda:0,True,120,24,8,2,forecast,4,1,8,16,0.00867854307408445,0.03467700906478448,0.00019224218129551223,0.3583333333333334,0.0010314767706567514,0.0015403286326070255,0.40174790670580524,1.294206491096142,0.39932127366259135,0.06713115234758245,0.05446243765541889,0.0029740991604562846,0.00410686072597699,0.000989800400343589,0.03966059688164969,1.8666666666666667
historical_sv_bootstrap,synthetic_basic_6_series,synthetic,cuda:0,True,120,24,8,2,forecast,4,1,8,16,0.008796510518732564,0.03553198100206265,0.00021678851709735174,0.34444444444444444,0.0037312229625913822,0.0015650465144519835,0.5301696521309248,0.772255078387588,0.05143467196307728,0.1224646707581293,0.06042074775672265,0.005685813054310394,0.006364253065892632,0.0017361755933456384,0.04296834081401657,2.466666666666667
