model,dataset_name,dataset_source,device,has_reference_scenarios,train_size,test_size,context_length,horizon,generation_mode,eval_stride,train_stride,n_model_scenarios,n_reference_scenarios,execution_mode,crps,energy_score,predictive_mean_mse,coverage_90_error,mean_error,volatility_error,skew_error,excess_kurtosis_error,cross_correlation_error,autocorrelation_error,squared_autocorrelation_error,var_95_error,es_95_error,max_drawdown_error,mmd_rbf,average_rank
historical_bootstrap,synthetic_default_6_series,synthetic,"cuda:0,cuda:1,cuda:2,cuda:3",True,240,60,20,5,forecast,10,1,32,64,model_parallel,0.009663361563643669,0.06672868294326285,0.00029227636138663595,0.10555555555555562,0.0007591780786544148,0.0021882774337638315,0.2600321651393895,0.8328896177383998,0.08703480641538915,0.0364801592032962,0.019852491384205657,0.0025778057562909416,0.004426644177843375,0.0015951957533939833,0.011880245449652826,1.6
historical_sv_bootstrap,synthetic_default_6_series,synthetic,"cuda:0,cuda:1,cuda:2,cuda:3",True,240,60,20,5,forecast,10,1,32,64,model_parallel,0.01000937651766342,0.06953431412935036,0.00031202203569212565,0.07777777777777783,0.000582909106607386,0.0016051210197540885,0.373772838615998,1.4741905780224454,0.0727006596798607,0.05550794643107661,0.10357195782693293,0.0032410456561216485,0.003925836938085709,0.0019374480837114725,0.009177234655004862,2.0
pytorchts_timegrad,synthetic_default_6_series,synthetic,"cuda:0,cuda:1,cuda:2,cuda:3",True,240,60,20,5,forecast,10,1,32,64,model_parallel,0.01003114362393865,0.06938235932055094,0.00029959479095165165,0.21111111111111114,0.000762270863740646,0.005107545044182236,0.11992485058333942,0.7092391582632954,0.5437326431141137,0.03009698397950174,0.03583360527973531,0.008025819548726268,0.0100987251470975,0.006087469201334521,0.05016411785818753,2.4
